Id,Predicted
0,0.32992184899982957
1,0.26270119353572396
2,0.3024912010274005
3,0.20258373138523839
4,0.1285597402680797
5,0.32497735474496187
6,0.2653883640383296
7,0.09067244589378706
8,0.49949149366926876
9,0.16704135953342383
10,0.3396263573377753
11,0.09192758218672442
12,0.31484617004007076
13,0.43961167396416284
14,0.16215991127144713
15,0.09630139932649727
16,0.06215784677213336
17,0.26773022488277287
18,0.07529056805978479
19,0.0996512005378577
20,0.35621803223611326
21,0.05712231300993102
22,0.09291772645848441
23,0.06294675949725756
24,0.13471706904871902
25,0.30289737000892114
26,0.11526754361031488
27,0.30466825826384236
28,0.3338618071262333
29,0.06694736232567917
30,0.05926524264584757
31,0.058643611705856136
32,0.13950665200007817
33,0.07994499663469097
34,0.12444577448788488
35,0.3514919411809119
36,0.3454591563543716
37,0.11216093523430179
38,0.17038029132562996
39,0.28137510901981605
40,0.04829542362664739
41,0.4636494041219849
42,0.34173564585208127
43,0.08484367578999855
44,0.04624824552588356
45,0.03167452341879447
46,0.06038278009190104
47,0.0933229436740284
48,0.2659249499656228
49,0.14898036305496606
50,0.15693955112642338
51,0.09374402619190028
52,0.12839922919313096
53,0.11095977089231446
54,0.4921156591269275
55,0.3608493607391037
56,0.12809883124825852
57,0.23522394156391113
58,0.09234983754402493
59,0.18377145964733035
60,0.15515286099152886
61,0.23654785562131314
62,0.1544991740905053
63,0.11602409147690804
64,0.30632301805852735
65,0.4413371055954725
66,0.07251854427370186
67,0.14912115319882036
68,0.32365868695502975
69,0.05247789796219098
70,0.1093996588989919
71,0.10605458823008763
72,0.15197383069131257
73,0.3021753061510223
74,0.3939468129529618
75,0.09548047055832065
76,0.08813602463584776
77,0.6658322643880812
78,0.32061280932310726
79,0.2677289055760268
80,0.26724954865321304
81,0.28409638784962365
82,0.1726696485005653
83,0.2305475319934966
84,0.14173157357347307
85,0.33360605780949093
86,0.08908198101828822
87,0.08059217461203305
88,0.05065488623893292
89,0.1011234784791906
90,0.028565413710749974
91,0.08619279483076976
92,0.2471269582021174
93,0.13851097268332954
94,0.33874796643210514
95,0.07549634037415881
96,0.20049574367970294
97,0.059772308891728534
98,0.17879581696384111
99,0.035884901404292395
100,0.5424777161367001
101,0.19201219982560286
102,0.06611298531063692
103,0.04969969276958353
104,0.2706383710452168
105,0.09916863980891902
106,0.05826704717096574
107,0.04470815963907022
108,0.21713952428090605
109,0.3306886547799605
110,0.2003021331067528
111,0.3874973569196407
112,0.19148509019919813
113,0.15423570416946256
114,0.36338144029082203
115,0.09983456150366787
116,0.28718265031851226
117,0.2812374016834992
118,0.15737260069390915
119,0.15854146393764884
120,0.3894608583653265
121,0.06618884717489693
122,0.07664570295977902
123,0.39650234737151724
124,0.0463368042388182
125,0.18473956589723475
126,0.09568679715350571
127,0.0848665586732667
128,0.08359267554860168
129,0.3465946563238114
130,0.14270628945847558
131,0.09139372515428623
132,0.6247426802046557
133,0.3118438408589196
134,0.22006790238363655
135,0.08245581154643558
136,0.21726937453173284
137,0.06435155573295671
138,0.37895673079251396
139,0.1290193982490896
140,0.08175602654856515
141,0.31780320825406355
142,0.40380310012283954
143,0.13577696265537678
144,0.12689267908867635
145,0.32389092028164457
146,0.2506654666852883
147,0.04260279601123194
148,0.08048756730770219
149,0.15598882029778802
150,0.07239125758950354
151,0.14352343696520684
152,0.2891816842453831
153,0.07188021529017131
154,0.24259690847643453
155,0.07968826314981993
156,0.05345112903717835
157,0.5400329989069161
158,0.24350711735990907
159,0.32414886520110997
160,0.09274581912947424
161,0.0628502246681218
162,0.27042704494193803
163,0.26753857294101824
164,0.0685032385187958
165,0.2920054159427027
166,0.12713927486021817
167,0.2881957067649513
168,0.2564196019005448
169,0.2186501495351616
170,0.21035118100637745
171,0.272548859778632
172,0.07652571921700262
173,0.08434789426783287
174,0.43078048073729036
175,0.2842857044666073
176,0.5973204216074317
177,0.47494534590013393
178,0.10154580073313256
179,0.07533093874033055
180,0.2444352046331134
181,0.3983483774402962
182,0.17127226440324655
183,0.07297493829934845
184,0.15705804434247442
185,0.15985154222191592
186,0.06312470535549025
187,0.2605262058451571
188,0.08646231420794051
189,0.06156596683976788
190,0.06523175391442543
191,0.15207459290025901
192,0.4512349943689077
193,0.07994289760081219
194,0.04550123258528453
195,0.10186493127577091
196,0.05803156777960593
197,0.3269479867046484
198,0.2888097677946825
199,0.1114715803971328
200,0.30675443532963936
201,0.13176909574134268
202,0.050325089044171926
203,0.1270991742481998
204,0.28749263648798684
205,0.13358129786474252
206,0.29158333291709054
207,0.251252868984868
208,0.043060449359293304
209,0.07106525836759509
210,0.05434288805808657
211,0.1421905123496386
212,0.15851324049199528
213,0.3069087952373817
214,0.12117883289670983
215,0.31463277308267756
216,0.2772245240574279
217,0.5573693704561533
218,0.10174513873353867
219,0.24615164847983867
220,0.21077131072192207
221,0.2702297446006882
222,0.41931163557795176
223,0.1568834695022131
224,0.28946933737982133
225,0.36512493185732187
226,0.12441455005180199
227,0.0819180148287515
228,0.1465741540765106
229,0.1245044563560078
230,0.2987740846143417
231,0.41821118386276923
232,0.10362700314624342
233,0.07086333779437028
234,0.045470114838122175
235,0.11959081501182942
236,0.27358842652139165
237,0.12806440544303357
238,0.23151362473544362
239,0.17514544715107472
240,0.12040675153636285
241,0.08316214837131784
242,0.14861251486406332
243,0.45165698251426206
244,0.04493536139630521
245,0.048407251352382365
246,0.06520488454846671
247,0.15327984263346336
248,0.10561060587051707
249,0.04619026334968008
250,0.14381193646844623
251,0.2804312316787533
252,0.2597122477030274
253,0.05338894956595968
254,0.10367358054123783
255,0.07661426662534652
256,0.0662816918693646
257,0.1946619592444172
258,0.3961124108948784
259,0.07317846683625645
260,0.37906450884956183
261,0.03563310823223577
262,0.07258957019296472
263,0.37957269518377895
264,0.3133997991440652
265,0.12508106486310244
266,0.07342674343877333
267,0.056674024178962286
268,0.44435983977217597
269,0.2862660900625995
270,0.1117468096427593
271,0.2845665273010062
272,0.07296842408708844
273,0.05347555938273761
274,0.04833668799191435
275,0.3032094886773445
276,0.057932747400456175
277,0.16066749596050084
278,0.5849905205255932
279,0.3872425680339969
280,0.20646874348924882
281,0.2629943887110682
282,0.2546997963845841
283,0.2732675273190141
284,0.1746539898641929
285,0.22707126690516297
286,0.18734587223597265
287,0.39974467535523067
288,0.052817002990052306
289,0.1885405428117792
290,0.4351278618277229
291,0.1921455475156065
292,0.14931059357178947
293,0.05399747817139411
294,0.4028311075116227
295,0.10336728081303236
296,0.12601406794175332
297,0.08533058100842528
298,0.23510243221269528
299,0.36689280325015633
300,0.2522409174373716
301,0.2361662415948809
302,0.05108410853668603
303,0.12799343556968623
304,0.14574348835823928
305,0.03749316873439999
306,0.08425548874879653
307,0.08573973217853331
308,0.165623723997564
309,0.3589170090141218
310,0.3839389745317209
311,0.148058598007254
312,0.36624358449197725
313,0.04174284983962726
314,0.0938120807293175
315,0.07273893905650838
316,0.14880172977355977
317,0.06190830834860057
318,0.04975118324296278
319,0.15663954360777424
320,0.22246093119310834
321,0.2519826770592338
322,0.19802840735018912
323,0.3240600617582481
324,0.12213820616857568
325,0.0969172620532991
326,0.09453750334525324
327,0.43407966192562913
328,0.037526507041739494
329,0.06504467866353897
330,0.3105467472773276
331,0.1376732769637769
332,0.29467572667910336
333,0.23724517877078785
334,0.20366702230765993
335,0.3666685765206281
336,0.1423159199591078
337,0.07920555358736578
338,0.04157492905615865
339,0.3728175728115605
340,0.3884061819467357
341,0.407417595603565
342,0.400612215947355
343,0.24954339384939017
344,0.18195132768568578
345,0.3080613621966078
346,0.16149386609577385
347,0.1915646199102351
348,0.16023317367739354
349,0.32384857609774864
350,0.11627073703406951
351,0.27817971178781936
352,0.04783361958930399
353,0.5773893001046256
354,0.07971301915255122
355,0.5651526082691409
356,0.48334979541733286
357,0.07599255053205106
358,0.207689832895194
359,0.26506244747626906
360,0.24750423789246362
361,0.5165152244084762
362,0.19653504917706277
363,0.2373693759068846
364,0.5265625643481214
365,0.13949626325737827
366,0.22835337493560795
367,0.16568776753402362
368,0.3806489183397648
369,0.2810366579385313
370,0.0967740227896068
371,0.31020502315602244
372,0.21129100666842504
373,0.12760558995002538
374,0.38131113570293257
375,0.05948620651249816
376,0.31813206390758225
377,0.05790282634157823
378,0.24017880300849787
379,0.300953046982482
380,0.1004460351646891
381,0.10655296573009451
382,0.28028324469952104
383,0.48954040149011946
384,0.1674280177387179
385,0.26972535508105117
386,0.05192703519831739
387,0.1352741498306458
388,0.09212083207406122
389,0.11505936237935327
390,0.04187799202686741
391,0.10166755037975964
392,0.11491135890372182
393,0.22482180105432284
394,0.07692943938942055
395,0.28952589801687145
396,0.09109205548144536
397,0.05541468081464151
398,0.5273825059018283
399,0.06774974835035759
